epoch,time,train/box_loss,train/cls_loss,train/dfl_loss,metrics/precision(B),metrics/recall(B),metrics/mAP50(B),metrics/mAP50-95(B),val/box_loss,val/cls_loss,val/dfl_loss,lr/pg0,lr/pg1,lr/pg2
1,10.9567,3.27885,4.17918,4.17858,0.00206,0.3678,0.00185,0.00052,3.49369,3.66307,4.14651,0.0002875,0.0002875,0.0002875
2,19.8757,2.84572,3.89249,3.69849,0.00226,0.40039,0.00229,0.00065,3.41648,3.59616,4.10051,0.000586326,0.000586326,0.000586326
3,26.8804,2.57917,3.59922,3.25241,0,0,0,0,3.68499,4.4122,4.38795,0.000883954,0.000883954,0.000883954
4,33.666,2.43972,3.44693,3.02568,0,0,0,0,3.74233,4.89191,4.57226,0.00118038,0.00118038,0.00118038
5,42.0518,2.27875,3.27141,2.85167,0.00244,0.43844,0.00614,0.00179,2.87475,4.03122,3.60753,0.00124001,0.00124001,0.00124001
6,49.7294,2.17172,3.10791,2.77903,0.07523,0.29731,0.07991,0.02205,2.3862,3.76478,3.52633,0.00123751,0.00123751,0.00123751
7,56.7588,2.0497,2.93443,2.66443,0.04592,0.13127,0.06205,0.02128,2.20712,3.28381,2.69952,0.00123502,0.00123502,0.00123502
8,63.6461,1.98351,2.83978,2.56834,0.12719,0.33278,0.09456,0.03451,2.2067,3.85757,2.59025,0.00123252,0.00123252,0.00123252
9,70.8398,1.86592,2.69927,2.47667,0.10893,0.52652,0.09559,0.03303,2.14496,3.13218,2.67844,0.00123002,0.00123002,0.00123002
10,77.4494,1.85236,2.62901,2.43957,0.10797,0.45134,0.11055,0.04078,2.05931,2.70774,2.55008,0.00122752,0.00122752,0.00122752
11,84.8846,1.73607,2.51579,2.3307,0.11336,0.62904,0.15876,0.05896,1.98654,3.15301,2.62835,0.00122503,0.00122503,0.00122503
12,92.9555,1.75184,2.47373,2.29295,0.14787,0.53362,0.16936,0.07332,2.08916,2.79395,2.65096,0.00122253,0.00122253,0.00122253
13,101.139,1.66257,2.34943,2.22727,0.13445,0.39518,0.12848,0.04925,2.01105,2.63467,2.4617,0.00122003,0.00122003,0.00122003
14,109.511,1.63184,2.29348,2.21786,0.18286,0.452,0.20253,0.11215,1.75114,2.31664,2.1952,0.00121753,0.00121753,0.00121753
15,116.928,1.56767,2.22752,2.12834,0.23425,0.62299,0.25646,0.1412,1.51977,2.17182,2.0185,0.00121503,0.00121503,0.00121503
16,124.575,1.55483,2.17552,2.11927,0.22108,0.65763,0.2756,0.14616,1.57927,2.16456,2.05121,0.00121254,0.00121254,0.00121254
17,132.026,1.49883,2.13674,2.07464,0.23272,0.6855,0.31066,0.15431,1.56543,1.92004,2.08013,0.00121004,0.00121004,0.00121004
18,139.442,1.48482,2.03611,2.03612,0.22382,0.70334,0.24751,0.14072,1.55292,1.98827,1.97196,0.00120754,0.00120754,0.00120754
19,146.869,1.45046,2.04897,2.0031,0.23169,0.70901,0.25374,0.14351,1.53942,1.95717,2.07637,0.00120505,0.00120505,0.00120505
20,154.27,1.44493,2.05496,2.00068,0.22801,0.65673,0.30665,0.19735,1.30456,1.79764,1.78011,0.00120255,0.00120255,0.00120255
21,162.486,1.39996,1.97461,1.95196,0.23308,0.6752,0.28078,0.16218,1.48059,1.88135,1.92542,0.00120005,0.00120005,0.00120005
22,169.314,1.39239,1.94391,1.96241,0.2288,0.58138,0.27639,0.15803,1.46067,1.98005,1.94537,0.00119755,0.00119755,0.00119755
23,176.239,1.39067,1.98132,1.95781,0.23213,0.68506,0.31235,0.18116,1.41467,1.85637,1.90787,0.00119505,0.00119505,0.00119505
24,183.08,1.3499,1.91295,1.89719,0.29113,0.61202,0.36628,0.24859,1.1939,1.72669,1.67017,0.00119256,0.00119256,0.00119256
25,190.34,1.33686,1.87595,1.87744,0.24372,0.60999,0.3464,0.20771,1.32788,1.82819,1.79923,0.00119006,0.00119006,0.00119006
26,196.859,1.31881,1.86726,1.88752,0.29062,0.61947,0.32608,0.21468,1.20596,1.68712,1.64954,0.00118756,0.00118756,0.00118756
27,204.034,1.30893,1.84128,1.84207,0.25806,0.66565,0.33476,0.21642,1.22116,1.86286,1.66179,0.00118507,0.00118507,0.00118507
28,211.031,1.29855,1.82108,1.82721,0.29505,0.66439,0.35593,0.22764,1.37042,1.80838,1.77923,0.00118257,0.00118257,0.00118257
29,218.376,1.26483,1.75814,1.80982,0.34114,0.61583,0.40518,0.25677,1.3281,1.68391,1.79078,0.00118007,0.00118007,0.00118007
30,225.433,1.26621,1.77491,1.80941,0.32836,0.66089,0.37856,0.27099,1.10256,1.70292,1.56074,0.00117757,0.00117757,0.00117757
31,232.674,1.24177,1.77297,1.79558,0.30579,0.64177,0.41067,0.2656,1.30576,1.73084,1.72638,0.00117507,0.00117507,0.00117507
32,239.506,1.1995,1.68595,1.74408,0.35463,0.64351,0.41866,0.28697,1.13696,1.57456,1.56534,0.00117258,0.00117258,0.00117258
33,246.833,1.19955,1.67851,1.7125,0.36137,0.65036,0.46087,0.33094,1.07926,1.52089,1.52109,0.00117008,0.00117008,0.00117008
34,254.675,1.20361,1.69229,1.7293,0.36751,0.6449,0.42562,0.30064,1.17582,1.69014,1.62247,0.00116758,0.00116758,0.00116758
35,261.833,1.2023,1.70382,1.73953,0.38422,0.61074,0.43423,0.30596,1.12501,1.58367,1.5725,0.00116508,0.00116508,0.00116508
36,268.959,1.16414,1.63197,1.68947,0.33569,0.70448,0.49429,0.36073,1.04772,1.48183,1.50881,0.00116259,0.00116259,0.00116259
37,276.907,1.2061,1.67857,1.71926,0.26592,0.72033,0.35187,0.24117,1.1505,1.90559,1.57777,0.00116009,0.00116009,0.00116009
38,284.917,1.14551,1.62939,1.69248,0.29303,0.60175,0.37048,0.24113,1.22736,1.82043,1.66632,0.00115759,0.00115759,0.00115759
39,292.269,1.16563,1.61349,1.68083,0.37247,0.63106,0.43344,0.29513,1.15783,1.60225,1.60969,0.0011551,0.0011551,0.0011551
40,300.092,1.13914,1.60857,1.65024,0.34527,0.65396,0.4423,0.31054,1.09649,1.5573,1.55134,0.0011526,0.0011526,0.0011526
41,307.083,1.10451,1.5724,1.63346,0.36974,0.63383,0.45548,0.32322,1.09948,1.52815,1.51756,0.0011501,0.0011501,0.0011501
42,314.742,1.10649,1.54072,1.6427,0.37741,0.64403,0.45584,0.33449,1.03096,1.47209,1.46694,0.0011476,0.0011476,0.0011476
43,321.779,1.13014,1.54489,1.66518,0.39521,0.65269,0.46031,0.33584,1.04286,1.49229,1.49537,0.0011451,0.0011451,0.0011451
44,328.724,1.09559,1.49493,1.62217,0.42499,0.68907,0.48129,0.35547,0.99403,1.40274,1.46073,0.00114261,0.00114261,0.00114261
45,335.622,1.10988,1.51158,1.62194,0.38226,0.64574,0.48903,0.34646,1.06482,1.45298,1.50302,0.00114011,0.00114011,0.00114011
46,342.437,1.1266,1.52051,1.64476,0.35021,0.71749,0.46973,0.33314,1.09491,1.44353,1.53589,0.00113761,0.00113761,0.00113761
47,349.251,1.13,1.53575,1.64132,0.40519,0.66806,0.49733,0.36449,0.97661,1.44066,1.42944,0.00113512,0.00113512,0.00113512
48,356.993,1.10551,1.48022,1.62664,0.43621,0.61268,0.4571,0.32308,1.0389,1.51573,1.46663,0.00113262,0.00113262,0.00113262
49,364.345,1.10091,1.48987,1.62459,0.32684,0.63066,0.40054,0.28029,1.03797,1.81298,1.48483,0.00113012,0.00113012,0.00113012
50,371.994,1.07054,1.47556,1.58282,0.38221,0.66183,0.39786,0.28709,1.03268,1.76152,1.48005,0.00112762,0.00112762,0.00112762
51,379.381,1.07625,1.48793,1.58776,0.39113,0.71528,0.49564,0.35855,1.04901,1.4824,1.49152,0.00112513,0.00112513,0.00112513
52,386.969,1.09045,1.50113,1.59624,0.44576,0.67397,0.48282,0.34414,1.01027,1.42474,1.45202,0.00112263,0.00112263,0.00112263
53,394.192,1.03629,1.41922,1.55692,0.51574,0.67515,0.55182,0.40639,0.99289,1.36532,1.45389,0.00112013,0.00112013,0.00112013
54,401.157,1.0578,1.42264,1.57155,0.4463,0.75521,0.557,0.42198,0.95983,1.2932,1.42907,0.00111763,0.00111763,0.00111763
55,408.75,1.05567,1.46156,1.56737,0.40595,0.64914,0.50046,0.37628,0.99622,1.40407,1.43717,0.00111513,0.00111513,0.00111513
56,415.976,1.05376,1.41371,1.55701,0.43752,0.67621,0.52349,0.39161,0.97487,1.49416,1.42959,0.00111264,0.00111264,0.00111264
57,423.732,1.04977,1.42718,1.55506,0.46588,0.67221,0.52091,0.38287,1.03064,1.51669,1.48568,0.00111014,0.00111014,0.00111014
58,430.912,1.03011,1.39704,1.55768,0.43275,0.66064,0.55124,0.4055,0.96782,1.44416,1.41943,0.00110764,0.00110764,0.00110764
59,437.833,1.02673,1.39118,1.53196,0.50617,0.63337,0.56101,0.40758,1.02539,1.35488,1.46468,0.00110515,0.00110515,0.00110515
60,444.797,1.04751,1.38163,1.55789,0.5378,0.55876,0.57633,0.44038,0.92394,1.31303,1.3837,0.00110265,0.00110265,0.00110265
61,452.022,0.98407,1.35486,1.50216,0.47444,0.61111,0.53464,0.40231,0.95878,1.43071,1.40744,0.00110015,0.00110015,0.00110015
62,458.917,0.98903,1.3215,1.50552,0.41571,0.64518,0.5228,0.39567,0.94182,1.42665,1.38111,0.00109765,0.00109765,0.00109765
63,465.551,1.01977,1.35308,1.5261,0.45113,0.5578,0.49593,0.37371,0.99782,1.50937,1.43185,0.00109515,0.00109515,0.00109515
64,472.849,1.00301,1.31883,1.51649,0.43637,0.62159,0.50846,0.36896,0.96031,1.3967,1.4159,0.00109266,0.00109266,0.00109266
65,480.059,0.98941,1.31691,1.50083,0.41776,0.62807,0.50553,0.37388,0.93646,1.49185,1.4017,0.00109016,0.00109016,0.00109016
66,486.991,1.01384,1.3358,1.52085,0.54705,0.64084,0.59709,0.43182,0.98351,1.32904,1.43111,0.00108766,0.00108766,0.00108766
67,493.871,0.9796,1.2929,1.49513,0.47335,0.67176,0.53813,0.41214,0.89347,1.38879,1.34053,0.00108517,0.00108517,0.00108517
68,500.718,0.99437,1.30296,1.50939,0.48815,0.61011,0.50948,0.38765,0.90728,1.39787,1.354,0.00108267,0.00108267,0.00108267
69,507.561,0.97737,1.31662,1.48933,0.5154,0.65995,0.6038,0.45069,0.98514,1.22756,1.41548,0.00108017,0.00108017,0.00108017
70,515.586,1.02646,1.2711,1.52026,0.53342,0.60456,0.55343,0.38079,1.09592,1.50712,1.51428,0.00107767,0.00107767,0.00107767
71,522.879,0.9905,1.26563,1.50611,0.43882,0.62344,0.53235,0.40352,0.93043,1.42751,1.38029,0.00107518,0.00107518,0.00107518
72,530.255,0.96663,1.31079,1.48353,0.55223,0.5687,0.56704,0.44097,0.89875,1.27863,1.37101,0.00107268,0.00107268,0.00107268
73,537.742,0.95982,1.26539,1.46714,0.4359,0.68993,0.55047,0.41258,0.92331,1.44144,1.39293,0.00107018,0.00107018,0.00107018
74,545.591,0.95427,1.22357,1.46841,0.53508,0.54107,0.5322,0.38062,1.01309,1.56217,1.46224,0.00106768,0.00106768,0.00106768
75,552.73,0.96229,1.21534,1.4743,0.54769,0.61519,0.56641,0.4296,0.90054,1.36762,1.36406,0.00106518,0.00106518,0.00106518
76,559.592,0.94541,1.19228,1.47779,0.40208,0.66551,0.50542,0.37963,0.90768,1.53461,1.35324,0.00106269,0.00106269,0.00106269
77,567.105,0.94394,1.18603,1.45994,0.54999,0.65292,0.59076,0.45613,0.87939,1.30397,1.32858,0.00106019,0.00106019,0.00106019
78,575.276,0.96727,1.23691,1.48695,0.63252,0.57336,0.61475,0.47915,0.85882,1.25372,1.33318,0.00105769,0.00105769,0.00105769
79,582.985,0.93076,1.18756,1.45313,0.58133,0.6288,0.6318,0.4937,0.85225,1.37136,1.30564,0.0010552,0.0010552,0.0010552
80,590.753,0.94247,1.22768,1.44119,0.50665,0.63014,0.60358,0.46749,0.89032,1.35772,1.31189,0.0010527,0.0010527,0.0010527
81,599.036,0.93322,1.19936,1.44696,0.55789,0.66683,0.63652,0.48035,0.89756,1.19197,1.33418,0.0010502,0.0010502,0.0010502
82,606.525,0.93076,1.18493,1.4517,0.54014,0.70131,0.61554,0.46799,0.9064,1.28216,1.35873,0.0010477,0.0010477,0.0010477
83,613.776,0.94793,1.20212,1.45549,0.57235,0.67996,0.64211,0.4991,0.90675,1.19244,1.35587,0.00104521,0.00104521,0.00104521
84,621.044,0.91721,1.14983,1.44037,0.542,0.72687,0.63466,0.48456,0.88634,1.20592,1.32792,0.00104271,0.00104271,0.00104271
85,628.782,0.93064,1.15667,1.44178,0.58131,0.66443,0.61317,0.47351,0.88388,1.24676,1.3398,0.00104021,0.00104021,0.00104021
86,636.288,0.902,1.10817,1.42388,0.70321,0.62685,0.66881,0.51151,0.90692,1.21008,1.36956,0.00103771,0.00103771,0.00103771
87,644.149,0.92452,1.11847,1.42907,0.58563,0.69273,0.63999,0.49307,0.86241,1.2404,1.31748,0.00103522,0.00103522,0.00103522
88,651.453,0.90885,1.15359,1.41734,0.41413,0.69797,0.52654,0.39557,0.91641,1.54712,1.36518,0.00103272,0.00103272,0.00103272
89,659.049,0.92484,1.12739,1.43867,0.59686,0.65134,0.6631,0.50428,0.91904,1.15844,1.35457,0.00103022,0.00103022,0.00103022
90,666.669,0.92469,1.15796,1.43776,0.69507,0.65883,0.70542,0.53799,0.87061,1.08117,1.30794,0.00102772,0.00102772,0.00102772
91,674.926,0.89895,1.09627,1.4094,0.56114,0.74583,0.67131,0.51811,0.8723,1.08813,1.31303,0.00102523,0.00102523,0.00102523
92,683.231,0.90357,1.12045,1.41397,0.49408,0.70675,0.61777,0.46027,0.92302,1.28266,1.36845,0.00102273,0.00102273,0.00102273
93,690.785,0.87284,1.07505,1.39675,0.56825,0.6404,0.61837,0.47129,0.88678,1.26245,1.34013,0.00102023,0.00102023,0.00102023
94,698.754,0.90618,1.08039,1.40506,0.58695,0.6189,0.61435,0.48106,0.86807,1.25919,1.31227,0.00101773,0.00101773,0.00101773
95,706.084,0.91907,1.10429,1.4186,0.66186,0.63553,0.69993,0.53782,0.88613,1.13433,1.32645,0.00101523,0.00101523,0.00101523
96,713.185,0.91255,1.09662,1.42998,0.56836,0.59462,0.60986,0.45729,0.94459,1.33721,1.37881,0.00101274,0.00101274,0.00101274
97,720.325,0.89954,1.08834,1.41148,0.61453,0.67735,0.66968,0.52745,0.82381,1.12369,1.2842,0.00101024,0.00101024,0.00101024
98,727.29,0.89477,1.07377,1.40598,0.713,0.67532,0.68907,0.53208,0.8543,1.19173,1.31895,0.00100774,0.00100774,0.00100774
99,734.325,0.84581,1.016,1.37439,0.67687,0.63673,0.68931,0.54619,0.82997,1.20287,1.28285,0.00100525,0.00100525,0.00100525
100,741.981,0.88162,1.02894,1.39443,0.65571,0.64594,0.67985,0.52486,0.86178,1.16699,1.30424,0.00100275,0.00100275,0.00100275
101,748.59,0.89505,1.05399,1.40672,0.65931,0.59466,0.66561,0.52392,0.84068,1.24051,1.30605,0.00100025,0.00100025,0.00100025
102,755.597,0.86931,1.01925,1.38508,0.54553,0.69811,0.66278,0.52108,0.82522,1.30697,1.28324,0.000997753,0.000997753,0.000997753
103,764.087,0.85825,1.02087,1.38377,0.66251,0.66116,0.66953,0.51934,0.89842,1.14437,1.32213,0.000995255,0.000995255,0.000995255
104,771.226,0.87119,1.03118,1.36954,0.68941,0.59676,0.65914,0.51408,0.85513,1.15723,1.32253,0.000992758,0.000992758,0.000992758
105,778.441,0.85645,1.00009,1.37577,0.63635,0.60093,0.64406,0.50173,0.83942,1.23086,1.30195,0.00099026,0.00099026,0.00099026
106,785.566,0.87653,1.01825,1.37497,0.59382,0.70033,0.67622,0.53243,0.82916,1.17286,1.2854,0.000987763,0.000987763,0.000987763
107,792.675,0.86439,0.99469,1.37014,0.50142,0.61884,0.56918,0.44231,0.84712,1.32036,1.29995,0.000985265,0.000985265,0.000985265
108,799.821,0.88389,1.02986,1.39304,0.65174,0.65961,0.67448,0.53228,0.86592,1.22166,1.31479,0.000982768,0.000982768,0.000982768
109,807.06,0.84787,0.99557,1.36256,0.5186,0.648,0.61252,0.47133,0.83387,1.36368,1.29084,0.00098027,0.00098027,0.00098027
110,814.075,0.84262,0.96813,1.35131,0.58206,0.63532,0.62072,0.48891,0.83107,1.36428,1.27672,0.000977773,0.000977773,0.000977773
111,821.098,0.8355,0.95508,1.35633,0.63927,0.68977,0.68375,0.53144,0.8358,1.13644,1.29083,0.000975275,0.000975275,0.000975275
112,828.913,0.8377,0.97448,1.35327,0.63982,0.61918,0.65456,0.51782,0.83061,1.18967,1.28101,0.000972778,0.000972778,0.000972778
113,836.022,0.8608,0.96847,1.37323,0.57453,0.67251,0.61896,0.47489,0.85858,1.28562,1.30407,0.00097028,0.00097028,0.00097028
114,843.062,0.82421,0.96008,1.33265,0.6728,0.66771,0.68994,0.54397,0.82742,1.10758,1.28541,0.000967782,0.000967782,0.000967782
115,850.124,0.85042,0.95148,1.36538,0.66918,0.68881,0.70522,0.554,0.84075,1.20687,1.30256,0.000965285,0.000965285,0.000965285
116,857.49,0.82012,0.93398,1.33615,0.62641,0.66033,0.69399,0.54995,0.81418,1.11615,1.26463,0.000962787,0.000962787,0.000962787
117,864.263,0.81068,0.93512,1.32905,0.66055,0.58875,0.62752,0.49313,0.80686,1.34048,1.28084,0.00096029,0.00096029,0.00096029
118,871.187,0.81503,0.91553,1.3295,0.665,0.66218,0.67517,0.53387,0.81967,1.1003,1.2639,0.000957793,0.000957793,0.000957793
119,878.221,0.79885,0.90507,1.32215,0.60608,0.70968,0.67605,0.53085,0.82956,1.19424,1.26064,0.000955295,0.000955295,0.000955295
120,885.207,0.8347,0.9161,1.33914,0.6486,0.66228,0.65925,0.5275,0.80375,1.20278,1.26847,0.000952797,0.000952797,0.000952797
121,892.642,0.79892,0.88631,1.31087,0.67713,0.68405,0.70572,0.55544,0.81327,1.0936,1.27882,0.0009503,0.0009503,0.0009503
122,900.11,0.79831,0.92522,1.32022,0.76064,0.60564,0.71389,0.56554,0.8157,1.11173,1.26752,0.000947803,0.000947803,0.000947803
123,907.057,0.81377,0.92364,1.32826,0.66428,0.68883,0.66532,0.52676,0.83507,1.15695,1.28953,0.000945305,0.000945305,0.000945305
124,914.184,0.82646,0.92846,1.3355,0.64983,0.56995,0.64299,0.49774,0.85511,1.22764,1.31182,0.000942807,0.000942807,0.000942807
125,921.286,0.83039,0.95503,1.33921,0.63943,0.65679,0.67776,0.5392,0.81508,1.16691,1.27734,0.00094031,0.00094031,0.00094031
126,928.368,0.8035,0.92229,1.32651,0.63267,0.62959,0.64666,0.51222,0.80232,1.2112,1.25898,0.000937812,0.000937812,0.000937812
127,935.459,0.81275,0.8858,1.31859,0.68781,0.65909,0.70058,0.5487,0.82569,1.09455,1.28696,0.000935315,0.000935315,0.000935315
128,942.681,0.81945,0.92714,1.33393,0.758,0.63047,0.71848,0.56434,0.8409,1.04915,1.31135,0.000932818,0.000932818,0.000932818
129,949.579,0.80889,0.88468,1.31735,0.62731,0.63196,0.65886,0.51274,0.83123,1.23174,1.28871,0.00093032,0.00093032,0.00093032
130,957.358,0.81171,0.88334,1.33805,0.67381,0.68686,0.69793,0.55453,0.80733,1.13563,1.27102,0.000927822,0.000927822,0.000927822
131,964.412,0.80851,0.91406,1.31631,0.68008,0.6725,0.68036,0.54595,0.80578,1.10987,1.27021,0.000925325,0.000925325,0.000925325
132,971.347,0.82522,0.88958,1.32751,0.66698,0.67807,0.68619,0.5336,0.84494,1.08597,1.30006,0.000922827,0.000922827,0.000922827
133,978.3,0.798,0.87098,1.31033,0.612,0.65881,0.67218,0.53024,0.85742,1.25536,1.30584,0.00092033,0.00092033,0.00092033
134,985.303,0.79465,0.85891,1.31299,0.6681,0.636,0.68605,0.53215,0.87488,1.17624,1.32742,0.000917832,0.000917832,0.000917832
135,992.326,0.79986,0.8272,1.31152,0.72842,0.6327,0.70203,0.56261,0.7946,1.13824,1.25834,0.000915335,0.000915335,0.000915335
136,999.348,0.79286,0.84943,1.3005,0.68732,0.65845,0.67841,0.54536,0.79516,1.19992,1.26163,0.000912837,0.000912837,0.000912837
137,1007.48,0.79634,0.87093,1.30343,0.75469,0.64209,0.72188,0.56517,0.80967,1.1632,1.29271,0.00091034,0.00091034,0.00091034
138,1014.68,0.77659,0.83466,1.29407,0.64758,0.67295,0.695,0.55787,0.80665,1.2408,1.25252,0.000907843,0.000907843,0.000907843
139,1022.24,0.80226,0.84738,1.31081,0.71289,0.61067,0.68165,0.54423,0.79383,1.21239,1.26809,0.000905345,0.000905345,0.000905345
140,1029.83,0.78109,0.82751,1.29772,0.76707,0.6489,0.72671,0.58033,0.82548,1.10766,1.26808,0.000902847,0.000902847,0.000902847
141,1039.04,0.7949,0.82442,1.30264,0.66038,0.70359,0.68068,0.54113,0.80603,1.11794,1.26078,0.00090035,0.00090035,0.00090035
142,1046.43,0.78878,0.86148,1.29244,0.66211,0.69316,0.71186,0.578,0.79626,1.05806,1.26759,0.000897852,0.000897852,0.000897852
143,1053.55,0.79189,0.8524,1.31141,0.75661,0.58581,0.68998,0.54768,0.80744,1.14396,1.27353,0.000895355,0.000895355,0.000895355
144,1060.62,0.75755,0.83162,1.28178,0.60467,0.67925,0.65806,0.51596,0.77757,1.22846,1.26382,0.000892858,0.000892858,0.000892858
145,1067.67,0.78299,0.83923,1.30233,0.70589,0.61356,0.66849,0.52451,0.82109,1.19687,1.28667,0.00089036,0.00089036,0.00089036
146,1074.67,0.78568,0.82444,1.29046,0.66148,0.66652,0.69523,0.55922,0.774,1.12673,1.23858,0.000887862,0.000887862,0.000887862
147,1081.65,0.78349,0.81657,1.28356,0.6805,0.65489,0.68829,0.54796,0.82313,1.17184,1.2955,0.000885365,0.000885365,0.000885365
148,1088.52,0.80147,0.81982,1.30332,0.69909,0.65375,0.66701,0.5339,0.79131,1.23733,1.27079,0.000882868,0.000882868,0.000882868
149,1095.47,0.80347,0.84905,1.31211,0.69328,0.65579,0.70167,0.5671,0.7934,1.17139,1.27205,0.00088037,0.00088037,0.00088037
150,1102.41,0.76762,0.81438,1.2848,0.70515,0.66184,0.6977,0.56086,0.78909,1.16966,1.25833,0.000877872,0.000877872,0.000877872
151,1109.34,0.76102,0.81461,1.28503,0.69274,0.67674,0.69272,0.55394,0.79515,1.0814,1.2594,0.000875375,0.000875375,0.000875375
152,1116.4,0.79114,0.82781,1.29405,0.64125,0.63266,0.64876,0.519,0.78348,1.33151,1.22896,0.000872877,0.000872877,0.000872877
153,1123.35,0.74947,0.77574,1.26252,0.64651,0.71011,0.68949,0.54934,0.80203,1.09638,1.26636,0.00087038,0.00087038,0.00087038
154,1130.27,0.76824,0.8169,1.2957,0.74554,0.60952,0.68512,0.55697,0.77717,1.12071,1.23832,0.000867883,0.000867883,0.000867883
155,1137.31,0.76272,0.78412,1.27657,0.696,0.68104,0.70944,0.57338,0.76493,1.0672,1.22637,0.000865385,0.000865385,0.000865385
156,1144.47,0.75527,0.78458,1.27586,0.65929,0.66009,0.68044,0.54906,0.76807,1.13841,1.24072,0.000862887,0.000862887,0.000862887
157,1152.97,0.74911,0.82301,1.28754,0.65292,0.6635,0.67884,0.55471,0.77708,1.21691,1.25191,0.00086039,0.00086039,0.00086039
158,1160.3,0.7462,0.79583,1.26985,0.63198,0.69021,0.67935,0.54418,0.7775,1.19992,1.24717,0.000857893,0.000857893,0.000857893
159,1168.08,0.7472,0.78025,1.26729,0.73958,0.5673,0.69433,0.55486,0.81513,1.15466,1.28559,0.000855395,0.000855395,0.000855395
160,1175.98,0.76549,0.79567,1.27899,0.74782,0.63017,0.70092,0.57031,0.76185,1.16389,1.25159,0.000852897,0.000852897,0.000852897
161,1183.73,0.73275,0.77811,1.25677,0.63145,0.71184,0.67691,0.5516,0.77337,1.20344,1.24586,0.0008504,0.0008504,0.0008504
162,1191.09,0.73775,0.73949,1.2495,0.61554,0.69213,0.69183,0.55062,0.78782,1.16435,1.26656,0.000847902,0.000847902,0.000847902
163,1198.16,0.76023,0.79358,1.27117,0.73403,0.68984,0.72285,0.58443,0.77379,1.15269,1.24863,0.000845405,0.000845405,0.000845405
164,1205.76,0.72409,0.72055,1.25396,0.6402,0.69039,0.70297,0.57146,0.74574,1.08122,1.22423,0.000842908,0.000842908,0.000842908
165,1212.53,0.73351,0.75065,1.25217,0.59333,0.62603,0.63107,0.51056,0.77178,1.36358,1.23449,0.00084041,0.00084041,0.00084041
166,1219.41,0.75083,0.76279,1.27263,0.71732,0.65656,0.69823,0.56283,0.77958,1.09621,1.22884,0.000837912,0.000837912,0.000837912
167,1226.19,0.71534,0.75998,1.24372,0.66782,0.64504,0.67314,0.53763,0.77637,1.13223,1.2381,0.000835415,0.000835415,0.000835415
168,1233.05,0.74036,0.76993,1.26686,0.74112,0.66583,0.71301,0.58227,0.74851,1.13646,1.23754,0.000832917,0.000832917,0.000832917
169,1240.09,0.74369,0.74721,1.25258,0.69573,0.66878,0.68425,0.55151,0.79304,1.18425,1.25696,0.00083042,0.00083042,0.00083042
170,1247.06,0.72858,0.73953,1.24809,0.67643,0.68962,0.69706,0.56439,0.7797,1.10872,1.24844,0.000827922,0.000827922,0.000827922
171,1254.09,0.7367,0.74962,1.25982,0.7242,0.63295,0.68573,0.56142,0.76344,1.18623,1.23153,0.000825425,0.000825425,0.000825425
172,1261.07,0.71698,0.7176,1.23445,0.7055,0.63611,0.68983,0.56009,0.76554,1.13815,1.24089,0.000822927,0.000822927,0.000822927
173,1268.01,0.72324,0.76,1.25243,0.74322,0.6389,0.68964,0.55613,0.77049,1.12193,1.22865,0.00082043,0.00082043,0.00082043
174,1275.05,0.73084,0.7287,1.25164,0.68523,0.67204,0.70096,0.57094,0.79404,1.07548,1.26399,0.000817933,0.000817933,0.000817933
175,1282.83,0.7183,0.72664,1.24503,0.62631,0.68775,0.67849,0.5465,0.79082,1.18892,1.2563,0.000815435,0.000815435,0.000815435
176,1290.2,0.7203,0.72522,1.24182,0.71488,0.64821,0.70326,0.5689,0.7733,1.12964,1.23384,0.000812937,0.000812937,0.000812937
177,1297.41,0.71318,0.7459,1.24052,0.666,0.72644,0.70649,0.57608,0.77515,1.08439,1.23927,0.00081044,0.00081044,0.00081044
178,1304.82,0.72633,0.73666,1.23834,0.72727,0.65026,0.67258,0.54822,0.78265,1.17938,1.24278,0.000807943,0.000807943,0.000807943
179,1312.42,0.72293,0.75722,1.25228,0.69236,0.62052,0.68122,0.55177,0.75948,1.17356,1.23808,0.000805445,0.000805445,0.000805445
180,1320.03,0.71854,0.72843,1.23632,0.73203,0.67048,0.7063,0.57269,0.76591,1.11288,1.22873,0.000802947,0.000802947,0.000802947
181,1327.28,0.72919,0.72791,1.25146,0.69519,0.66806,0.69659,0.55607,0.81519,1.16155,1.27568,0.00080045,0.00080045,0.00080045
182,1334.27,0.74035,0.74927,1.25198,0.63457,0.6366,0.66807,0.53464,0.80548,1.23044,1.27911,0.000797952,0.000797952,0.000797952
183,1341.25,0.70475,0.75461,1.22868,0.71,0.62487,0.65946,0.52724,0.80382,1.2424,1.27103,0.000795455,0.000795455,0.000795455
184,1348.14,0.68393,0.70616,1.20881,0.71555,0.65463,0.71828,0.58448,0.76245,1.10785,1.2387,0.000792958,0.000792958,0.000792958
185,1355.52,0.69815,0.70786,1.22621,0.73056,0.65998,0.71328,0.57627,0.7717,1.13835,1.24329,0.00079046,0.00079046,0.00079046
186,1362.5,0.71775,0.72833,1.24151,0.72113,0.6773,0.70277,0.57008,0.77474,1.14959,1.22831,0.000787962,0.000787962,0.000787962
187,1369.05,0.72692,0.74669,1.24557,0.74744,0.66108,0.73145,0.60022,0.73634,1.04667,1.21479,0.000785465,0.000785465,0.000785465
188,1376.84,0.70547,0.71228,1.2331,0.68744,0.69689,0.71436,0.58335,0.73175,1.04912,1.21186,0.000782968,0.000782968,0.000782968
189,1384.09,0.70547,0.70463,1.23111,0.70484,0.67237,0.70467,0.57154,0.76852,1.10844,1.24113,0.00078047,0.00078047,0.00078047
190,1391.5,0.71646,0.71833,1.25401,0.76696,0.64578,0.71419,0.57857,0.78031,1.14372,1.24868,0.000777972,0.000777972,0.000777972
191,1399.29,0.69584,0.6983,1.21872,0.68073,0.63865,0.69708,0.562,0.77573,1.20255,1.24155,0.000775475,0.000775475,0.000775475
192,1407.2,0.69823,0.6753,1.22855,0.75639,0.61043,0.67832,0.54706,0.7955,1.19519,1.23786,0.000772977,0.000772977,0.000772977
193,1414.17,0.6904,0.67708,1.21079,0.77242,0.65138,0.72757,0.59346,0.74061,1.05077,1.20944,0.00077048,0.00077048,0.00077048
194,1421.09,0.71258,0.69928,1.22533,0.74972,0.6767,0.71429,0.57942,0.77163,1.13074,1.22738,0.000767983,0.000767983,0.000767983
195,1428.05,0.6846,0.68839,1.21351,0.7171,0.64819,0.70058,0.56874,0.77512,1.10406,1.2368,0.000765485,0.000765485,0.000765485
196,1434.93,0.68783,0.68157,1.21266,0.7547,0.66913,0.7325,0.60241,0.73822,1.02902,1.20762,0.000762987,0.000762987,0.000762987
197,1442.34,0.66643,0.66369,1.20277,0.78488,0.64206,0.72101,0.58306,0.75497,1.10346,1.22044,0.00076049,0.00076049,0.00076049
198,1449.7,0.68396,0.68894,1.21098,0.6402,0.65249,0.6719,0.5396,0.78865,1.28524,1.2744,0.000757993,0.000757993,0.000757993
199,1456.88,0.68311,0.66821,1.20499,0.67852,0.67575,0.69669,0.5538,0.77525,1.19368,1.23571,0.000755495,0.000755495,0.000755495
200,1464.26,0.69039,0.68869,1.21034,0.71918,0.66035,0.70915,0.57939,0.7352,1.10968,1.21511,0.000752997,0.000752997,0.000752997
201,1471.74,0.68381,0.6756,1.21949,0.73138,0.67408,0.72303,0.59889,0.74957,1.137,1.21095,0.0007505,0.0007505,0.0007505
202,1479.75,0.68063,0.67906,1.20417,0.71091,0.67035,0.70169,0.56453,0.78486,1.20674,1.25935,0.000748002,0.000748002,0.000748002
203,1486.69,0.69956,0.68597,1.22725,0.71176,0.68316,0.70972,0.57735,0.7522,1.09322,1.23984,0.000745505,0.000745505,0.000745505
204,1493.7,0.67686,0.67603,1.20139,0.77439,0.61096,0.71534,0.58911,0.76038,1.16563,1.2413,0.000743008,0.000743008,0.000743008
205,1500.68,0.68485,0.66488,1.20266,0.77288,0.66408,0.73056,0.5981,0.74895,1.08363,1.21992,0.00074051,0.00074051,0.00074051
206,1507.65,0.68899,0.68947,1.20966,0.72197,0.68311,0.72458,0.59343,0.74216,1.06026,1.22799,0.000738013,0.000738013,0.000738013
207,1514.69,0.69671,0.68129,1.20958,0.73469,0.62881,0.70932,0.5875,0.7365,1.08931,1.20236,0.000735515,0.000735515,0.000735515
208,1522.02,0.68394,0.66033,1.20719,0.77946,0.67531,0.73638,0.60762,0.74204,1.06116,1.21825,0.000733018,0.000733018,0.000733018
209,1529.39,0.66728,0.64366,1.20095,0.709,0.66748,0.71368,0.581,0.75239,1.0501,1.23195,0.00073052,0.00073052,0.00073052
210,1536.59,0.68031,0.66842,1.21224,0.69469,0.67971,0.70198,0.58105,0.75668,1.18925,1.22576,0.000728023,0.000728023,0.000728023
211,1543.71,0.65863,0.66447,1.19536,0.71822,0.66093,0.70313,0.57816,0.75004,1.10137,1.21979,0.000725525,0.000725525,0.000725525
212,1550.81,0.6742,0.65979,1.19608,0.69107,0.6193,0.64653,0.52899,0.78928,1.29896,1.24376,0.000723028,0.000723028,0.000723028
213,1557.87,0.67713,0.6556,1.19982,0.7492,0.6498,0.70311,0.5774,0.74472,1.05852,1.21429,0.00072053,0.00072053,0.00072053
214,1564.96,0.66816,0.65128,1.20045,0.69806,0.69034,0.69335,0.57045,0.74845,1.05803,1.22727,0.000718033,0.000718033,0.000718033
215,1572.14,0.66406,0.64871,1.19276,0.65514,0.66754,0.68033,0.55843,0.74057,1.12104,1.20909,0.000715535,0.000715535,0.000715535
216,1579.3,0.66788,0.64481,1.20234,0.73551,0.66267,0.7318,0.60075,0.74708,1.03169,1.22968,0.000713038,0.000713038,0.000713038
217,1586.45,0.66751,0.65206,1.20611,0.72097,0.65303,0.71301,0.59458,0.73249,1.11651,1.22212,0.00071054,0.00071054,0.00071054
218,1593.54,0.65357,0.64586,1.18926,0.79024,0.61698,0.70873,0.58241,0.74234,1.10609,1.2267,0.000708043,0.000708043,0.000708043
219,1600.56,0.64604,0.63458,1.1837,0.6842,0.67245,0.68064,0.56526,0.7105,1.13563,1.18857,0.000705545,0.000705545,0.000705545
220,1607.68,0.66379,0.64679,1.18722,0.66151,0.65454,0.68691,0.5629,0.74781,1.19486,1.23203,0.000703048,0.000703048,0.000703048
221,1614.72,0.6527,0.62113,1.18281,0.74493,0.61653,0.70169,0.57584,0.74464,1.11334,1.23455,0.00070055,0.00070055,0.00070055
222,1621.83,0.65392,0.6373,1.18049,0.72788,0.67369,0.70738,0.56989,0.76994,1.18057,1.24329,0.000698053,0.000698053,0.000698053
223,1628.97,0.65616,0.62841,1.1849,0.68362,0.69212,0.71613,0.58457,0.74803,1.05819,1.21958,0.000695555,0.000695555,0.000695555
224,1636.24,0.64158,0.65262,1.17406,0.72882,0.65178,0.71475,0.58154,0.75804,1.14023,1.23584,0.000693058,0.000693058,0.000693058
225,1643.41,0.65818,0.6229,1.18765,0.8003,0.64581,0.71196,0.58983,0.71301,1.05923,1.20198,0.00069056,0.00069056,0.00069056
226,1650.57,0.64453,0.61519,1.17567,0.7357,0.61882,0.67531,0.56129,0.72062,1.18262,1.19738,0.000688062,0.000688062,0.000688062
227,1657.73,0.63252,0.61547,1.17318,0.74105,0.61985,0.69663,0.57738,0.73183,1.13241,1.19359,0.000685565,0.000685565,0.000685565
228,1664.84,0.65066,0.63704,1.17962,0.72047,0.65913,0.70365,0.58209,0.73415,1.142,1.21664,0.000683068,0.000683068,0.000683068
229,1671.95,0.63071,0.62232,1.17211,0.71811,0.68069,0.71245,0.58815,0.7223,1.14288,1.20851,0.00068057,0.00068057,0.00068057
230,1679.09,0.65473,0.62871,1.18856,0.73276,0.61167,0.70016,0.57727,0.74826,1.14846,1.2291,0.000678073,0.000678073,0.000678073
231,1686.23,0.64098,0.62443,1.17706,0.74131,0.61097,0.68103,0.56838,0.7303,1.19726,1.20026,0.000675575,0.000675575,0.000675575
232,1693.31,0.63518,0.62245,1.15985,0.77482,0.60584,0.70629,0.58886,0.72608,1.1696,1.22074,0.000673077,0.000673077,0.000673077
233,1700.5,0.64596,0.6365,1.1812,0.60479,0.71161,0.66028,0.55017,0.71817,1.21901,1.20277,0.00067058,0.00067058,0.00067058
234,1707.55,0.63121,0.59102,1.16764,0.75896,0.61271,0.70132,0.57702,0.72873,1.08664,1.215,0.000668083,0.000668083,0.000668083
235,1714.63,0.65066,0.62663,1.18573,0.7007,0.62102,0.66304,0.53859,0.75956,1.22246,1.24657,0.000665585,0.000665585,0.000665585
236,1721.62,0.62871,0.60014,1.16069,0.73215,0.67118,0.70682,0.58473,0.7287,1.11035,1.21856,0.000663087,0.000663087,0.000663087
237,1728.7,0.63976,0.61083,1.1652,0.65213,0.74241,0.72758,0.60264,0.73627,1.07036,1.22015,0.00066059,0.00066059,0.00066059
238,1735.84,0.63263,0.62663,1.1797,0.69036,0.66851,0.69484,0.56865,0.72714,1.1575,1.22376,0.000658093,0.000658093,0.000658093
239,1742.84,0.64196,0.62072,1.17567,0.78446,0.63355,0.72552,0.59668,0.7434,1.10412,1.22813,0.000655595,0.000655595,0.000655595
240,1749.77,0.62572,0.60548,1.17058,0.61839,0.74273,0.70568,0.58731,0.71168,1.06982,1.2022,0.000653098,0.000653098,0.000653098
241,1756.98,0.62797,0.58649,1.16594,0.70757,0.66536,0.73487,0.60655,0.73483,1.07555,1.21375,0.0006506,0.0006506,0.0006506
242,1763.95,0.63134,0.59076,1.16685,0.72982,0.63895,0.70795,0.58945,0.70902,1.10532,1.20506,0.000648102,0.000648102,0.000648102
243,1771.02,0.6089,0.59362,1.14312,0.82406,0.63474,0.75593,0.63105,0.7084,1.03037,1.2024,0.000645605,0.000645605,0.000645605
244,1778.62,0.62238,0.58804,1.16567,0.78258,0.62155,0.69884,0.58446,0.69671,1.14154,1.19227,0.000643108,0.000643108,0.000643108
245,1785.81,0.63656,0.62199,1.16906,0.74882,0.70907,0.71997,0.60157,0.71354,1.11309,1.19474,0.00064061,0.00064061,0.00064061
246,1793.12,0.62858,0.60979,1.16737,0.69164,0.64602,0.68379,0.57089,0.71066,1.16128,1.20666,0.000638112,0.000638112,0.000638112
247,1800.49,0.60201,0.57527,1.13755,0.69347,0.6944,0.71169,0.58783,0.72554,1.13182,1.21642,0.000635615,0.000635615,0.000635615
248,1808.14,0.64645,0.61958,1.1744,0.75016,0.70489,0.7353,0.60854,0.72173,1.02179,1.2088,0.000633118,0.000633118,0.000633118
249,1815.8,0.60945,0.57475,1.15252,0.71915,0.70535,0.70977,0.58623,0.7316,1.10976,1.19781,0.00063062,0.00063062,0.00063062
250,1824.09,0.61194,0.58507,1.14541,0.74286,0.69107,0.72842,0.60066,0.75064,1.11337,1.2359,0.000628123,0.000628123,0.000628123
251,1831.61,0.61459,0.57426,1.14625,0.67917,0.70289,0.70503,0.58313,0.74152,1.12777,1.2235,0.000625625,0.000625625,0.000625625
252,1838.66,0.62663,0.57475,1.16203,0.73963,0.69571,0.7382,0.60985,0.72273,1.04364,1.19596,0.000623127,0.000623127,0.000623127
253,1845.73,0.61012,0.57871,1.15679,0.7882,0.61321,0.72846,0.59791,0.7351,1.09801,1.22,0.00062063,0.00062063,0.00062063
254,1852.81,0.6141,0.59343,1.15305,0.73556,0.70226,0.74524,0.61735,0.72855,1.00203,1.22121,0.000618133,0.000618133,0.000618133
255,1859.92,0.62863,0.57965,1.16825,0.74421,0.65825,0.71593,0.58795,0.7249,1.08356,1.22097,0.000615635,0.000615635,0.000615635
256,1867.04,0.61129,0.5898,1.14048,0.74185,0.67256,0.71664,0.59683,0.7264,1.14098,1.20261,0.000613137,0.000613137,0.000613137
257,1874.21,0.61855,0.57837,1.15079,0.74554,0.67824,0.73815,0.60316,0.74513,1.03607,1.22692,0.00061064,0.00061064,0.00061064
258,1881.3,0.61656,0.58197,1.15774,0.74647,0.62274,0.70305,0.57725,0.71669,1.13109,1.20674,0.000608143,0.000608143,0.000608143
259,1888.48,0.61066,0.56977,1.14969,0.64502,0.70848,0.6808,0.56661,0.71037,1.19978,1.19931,0.000605645,0.000605645,0.000605645
260,1895.6,0.62028,0.60408,1.1644,0.73201,0.67336,0.72302,0.59861,0.71286,1.11477,1.18691,0.000603148,0.000603148,0.000603148
261,1902.58,0.60515,0.57384,1.14422,0.72533,0.68542,0.71868,0.59606,0.72137,1.0506,1.20573,0.00060065,0.00060065,0.00060065
262,1909.57,0.60284,0.59699,1.14061,0.67043,0.7317,0.72075,0.59593,0.73724,1.07088,1.21756,0.000598152,0.000598152,0.000598152
263,1916.66,0.59052,0.55256,1.1353,0.7563,0.66459,0.74359,0.6161,0.72803,1.05587,1.21559,0.000595655,0.000595655,0.000595655
264,1923.55,0.60974,0.57828,1.15758,0.74304,0.67942,0.72869,0.6035,0.73168,1.04962,1.22682,0.000593158,0.000593158,0.000593158
265,1930.39,0.60472,0.59048,1.15057,0.77657,0.69133,0.73226,0.60053,0.72915,1.1253,1.21893,0.00059066,0.00059066,0.00059066
266,1937.35,0.60995,0.58324,1.15465,0.76019,0.62378,0.70422,0.59342,0.7151,1.14548,1.1965,0.000588162,0.000588162,0.000588162
267,1944.51,0.5887,0.53234,1.12999,0.72017,0.6423,0.70532,0.58408,0.72352,1.12859,1.21815,0.000585665,0.000585665,0.000585665
268,1951.42,0.59572,0.57444,1.13414,0.7587,0.66341,0.71303,0.59113,0.72556,1.13658,1.20025,0.000583167,0.000583167,0.000583167
269,1958.52,0.59811,0.55431,1.14146,0.71094,0.68685,0.70774,0.58837,0.704,1.12541,1.20005,0.00058067,0.00058067,0.00058067
270,1965.76,0.59227,0.56519,1.1325,0.75306,0.63479,0.70049,0.58332,0.7111,1.14873,1.21088,0.000578172,0.000578172,0.000578172
271,1972.86,0.61298,0.58411,1.14823,0.74037,0.64611,0.69935,0.58157,0.71845,1.20339,1.22252,0.000575675,0.000575675,0.000575675
272,1979.84,0.58509,0.54873,1.13782,0.75598,0.67241,0.71786,0.59655,0.70119,1.13383,1.19479,0.000573177,0.000573177,0.000573177
273,1987,0.59097,0.55786,1.13851,0.68057,0.71186,0.73873,0.6157,0.71487,1.07238,1.19309,0.00057068,0.00057068,0.00057068
274,1994.05,0.61549,0.5693,1.14852,0.70108,0.61334,0.66763,0.55771,0.71674,1.22067,1.20481,0.000568182,0.000568182,0.000568182
275,2001.04,0.59399,0.56889,1.13986,0.74397,0.64029,0.71348,0.59923,0.72049,1.12056,1.2092,0.000565685,0.000565685,0.000565685
276,2008.11,0.5772,0.54662,1.12284,0.73243,0.65422,0.71369,0.59924,0.69249,1.09697,1.18929,0.000563187,0.000563187,0.000563187
277,2015.15,0.57746,0.54008,1.12623,0.69682,0.65271,0.68161,0.56606,0.70269,1.11508,1.19734,0.00056069,0.00056069,0.00056069
278,2022.32,0.57491,0.54626,1.12642,0.79697,0.60983,0.70668,0.5844,0.73075,1.16174,1.22798,0.000558192,0.000558192,0.000558192
279,2029.69,0.57841,0.55895,1.12164,0.74977,0.63627,0.71374,0.5988,0.70042,1.10058,1.19641,0.000555695,0.000555695,0.000555695
280,2036.75,0.57746,0.54088,1.1179,0.77596,0.59898,0.69407,0.58369,0.69824,1.16283,1.1774,0.000553197,0.000553197,0.000553197
281,2043.9,0.57717,0.5602,1.1272,0.7822,0.63551,0.71226,0.59294,0.70247,1.12586,1.18048,0.0005507,0.0005507,0.0005507
282,2051.12,0.59152,0.55408,1.13603,0.69961,0.68504,0.69864,0.57669,0.71526,1.10429,1.19557,0.000548202,0.000548202,0.000548202
283,2058.09,0.57764,0.54885,1.11842,0.70774,0.69437,0.7417,0.62194,0.71234,1.05232,1.19589,0.000545705,0.000545705,0.000545705
284,2065.2,0.57302,0.52497,1.1242,0.70993,0.672,0.68865,0.57911,0.7157,1.15555,1.20086,0.000543208,0.000543208,0.000543208
285,2072.25,0.57973,0.54688,1.13453,0.75039,0.68061,0.72163,0.60583,0.70777,1.11188,1.1846,0.00054071,0.00054071,0.00054071
286,2079.22,0.58306,0.54399,1.1342,0.68389,0.71557,0.70613,0.59246,0.70964,1.14264,1.18721,0.000538213,0.000538213,0.000538213
287,2086.45,0.58336,0.54012,1.12349,0.71306,0.68893,0.7201,0.59957,0.70519,1.14194,1.17753,0.000535715,0.000535715,0.000535715
288,2093.53,0.5664,0.52983,1.11596,0.78574,0.66359,0.74346,0.61951,0.69442,1.04022,1.17744,0.000533218,0.000533218,0.000533218
289,2100.52,0.56454,0.51999,1.1141,0.69323,0.67844,0.71061,0.59123,0.69057,1.09462,1.1787,0.00053072,0.00053072,0.00053072
290,2107.57,0.58657,0.52753,1.13659,0.75996,0.63835,0.70219,0.58627,0.70318,1.10324,1.19301,0.000528223,0.000528223,0.000528223
291,2114.6,0.57886,0.54979,1.13046,0.74403,0.64978,0.71664,0.59654,0.71606,1.10383,1.20747,0.000525725,0.000525725,0.000525725
292,2121.73,0.57642,0.52559,1.12074,0.76369,0.6745,0.7529,0.63309,0.69405,1.03412,1.18237,0.000523228,0.000523228,0.000523228
293,2128.87,0.58931,0.55942,1.13626,0.69214,0.73537,0.73492,0.61522,0.7161,1.08154,1.20552,0.00052073,0.00052073,0.00052073
294,2136.84,0.53989,0.49909,1.09734,0.7706,0.65902,0.72635,0.59979,0.71027,1.07255,1.20396,0.000518233,0.000518233,0.000518233
295,2143.89,0.57321,0.53233,1.11779,0.72305,0.67311,0.72096,0.59785,0.72205,1.13194,1.22553,0.000515735,0.000515735,0.000515735
296,2151.03,0.57391,0.54801,1.11909,0.71051,0.71355,0.72582,0.60378,0.7136,1.09909,1.21056,0.000513238,0.000513238,0.000513238
297,2158.02,0.57466,0.52597,1.12643,0.75048,0.66859,0.71577,0.60214,0.70026,1.12041,1.19406,0.00051074,0.00051074,0.00051074
298,2164.97,0.56933,0.52587,1.12289,0.78358,0.66839,0.72765,0.60049,0.71682,1.07939,1.21605,0.000508243,0.000508243,0.000508243
299,2171.93,0.54935,0.50399,1.10416,0.77628,0.65877,0.72315,0.60212,0.71978,1.12138,1.22387,0.000505745,0.000505745,0.000505745
300,2179.04,0.57855,0.53146,1.11698,0.72886,0.62973,0.71197,0.59699,0.71803,1.13809,1.21827,0.000503248,0.000503248,0.000503248
301,2186.05,0.57341,0.53787,1.11967,0.72161,0.64519,0.70466,0.58543,0.70774,1.1982,1.20609,0.00050075,0.00050075,0.00050075
302,2193.24,0.58029,0.52798,1.12045,0.78175,0.64795,0.73087,0.6045,0.7119,1.16055,1.19658,0.000498252,0.000498252,0.000498252
303,2200.39,0.55914,0.52094,1.11551,0.72378,0.63542,0.68966,0.57204,0.71383,1.1827,1.19832,0.000495755,0.000495755,0.000495755
304,2207.46,0.55427,0.52895,1.10878,0.76403,0.66209,0.72763,0.60874,0.70125,1.16535,1.18941,0.000493258,0.000493258,0.000493258
305,2214.68,0.55905,0.53497,1.12022,0.75952,0.65321,0.73393,0.61681,0.71581,1.12889,1.21527,0.00049076,0.00049076,0.00049076
306,2221.73,0.56704,0.50365,1.12087,0.72109,0.70358,0.75244,0.6295,0.71491,1.08325,1.22455,0.000488263,0.000488263,0.000488263
307,2228.84,0.55037,0.50136,1.1094,0.76442,0.6648,0.73154,0.6076,0.71193,1.09708,1.21087,0.000485765,0.000485765,0.000485765
308,2236.3,0.57411,0.53824,1.13106,0.75341,0.67113,0.71489,0.59959,0.7093,1.11779,1.21176,0.000483268,0.000483268,0.000483268
309,2243.4,0.5716,0.51401,1.12215,0.73089,0.67587,0.69774,0.58164,0.71756,1.14879,1.21527,0.00048077,0.00048077,0.00048077
310,2250.95,0.56913,0.51903,1.12081,0.76357,0.67017,0.70401,0.58637,0.72178,1.11516,1.2204,0.000478273,0.000478273,0.000478273
311,2257.93,0.56089,0.49734,1.10352,0.74135,0.68765,0.73152,0.61609,0.71477,1.07124,1.19964,0.000475775,0.000475775,0.000475775
312,2265.02,0.57064,0.51477,1.12713,0.76193,0.66858,0.7415,0.6224,0.71755,1.08941,1.19968,0.000473278,0.000473278,0.000473278
313,2272.01,0.55077,0.50533,1.11193,0.76448,0.67872,0.71853,0.59592,0.72166,1.13461,1.20981,0.00047078,0.00047078,0.00047078
314,2279.09,0.55365,0.52122,1.10705,0.74497,0.66253,0.73174,0.61266,0.70267,1.13917,1.20148,0.000468283,0.000468283,0.000468283
315,2286.05,0.56318,0.51677,1.117,0.79009,0.63729,0.7282,0.60672,0.71425,1.11954,1.21272,0.000465785,0.000465785,0.000465785
316,2293.07,0.5593,0.50116,1.10749,0.79006,0.63799,0.71017,0.59667,0.70362,1.10617,1.1991,0.000463288,0.000463288,0.000463288
317,2300,0.54808,0.50769,1.11151,0.77038,0.66503,0.75143,0.62908,0.70355,1.06305,1.20374,0.00046079,0.00046079,0.00046079
318,2306.97,0.5579,0.50929,1.1182,0.75215,0.67969,0.73883,0.61456,0.72558,1.08513,1.22583,0.000458293,0.000458293,0.000458293
319,2313.83,0.54489,0.50943,1.10329,0.73891,0.68446,0.71366,0.59425,0.72474,1.12082,1.21848,0.000455795,0.000455795,0.000455795
320,2320.83,0.54334,0.51139,1.09564,0.78402,0.6451,0.72608,0.61227,0.69915,1.06673,1.21363,0.000453298,0.000453298,0.000453298
321,2327.77,0.53956,0.49387,1.09372,0.76815,0.64171,0.71109,0.59538,0.71743,1.11471,1.20869,0.0004508,0.0004508,0.0004508
322,2334.72,0.54709,0.48599,1.09162,0.76375,0.67017,0.71773,0.59438,0.71028,1.08732,1.21525,0.000448302,0.000448302,0.000448302
323,2341.85,0.54928,0.50481,1.10084,0.79484,0.65046,0.71881,0.60235,0.70634,1.12073,1.20586,0.000445805,0.000445805,0.000445805
324,2349.02,0.53027,0.49493,1.09063,0.73352,0.7047,0.73435,0.61646,0.69818,1.09791,1.19129,0.000443307,0.000443307,0.000443307
325,2356.05,0.52876,0.47387,1.08929,0.79652,0.66388,0.7493,0.62644,0.69026,1.05402,1.18372,0.00044081,0.00044081,0.00044081
326,2363.03,0.53145,0.47398,1.09378,0.77095,0.67625,0.7185,0.5987,0.70438,1.11525,1.20437,0.000438312,0.000438312,0.000438312
327,2370,0.5469,0.49603,1.09335,0.69319,0.69341,0.69349,0.57434,0.71441,1.14905,1.20788,0.000435815,0.000435815,0.000435815
328,2377.14,0.54029,0.47677,1.08677,0.69496,0.70944,0.69543,0.58226,0.71616,1.136,1.21717,0.000433317,0.000433317,0.000433317
329,2383.93,0.55455,0.50569,1.11155,0.69198,0.70209,0.70621,0.59078,0.70498,1.12714,1.20784,0.00043082,0.00043082,0.00043082
330,2390.95,0.51163,0.46415,1.07282,0.76534,0.65855,0.71779,0.60385,0.70148,1.14018,1.20076,0.000428322,0.000428322,0.000428322
331,2398.58,0.51985,0.48144,1.0876,0.77341,0.65126,0.71839,0.59592,0.71244,1.12466,1.21402,0.000425825,0.000425825,0.000425825
332,2405.5,0.51227,0.48099,1.08635,0.74109,0.67847,0.7143,0.5957,0.68948,1.10033,1.20125,0.000423327,0.000423327,0.000423327
333,2412.4,0.52814,0.48478,1.09176,0.71902,0.69325,0.72887,0.6096,0.68885,1.0675,1.20116,0.00042083,0.00042083,0.00042083
334,2419.73,0.53058,0.49584,1.09131,0.7889,0.61092,0.72817,0.60644,0.7013,1.07032,1.2082,0.000418332,0.000418332,0.000418332
335,2426.79,0.52435,0.4949,1.09188,0.77476,0.61926,0.7253,0.59992,0.68918,1.1385,1.20492,0.000415835,0.000415835,0.000415835
336,2433.83,0.53525,0.50413,1.10439,0.71476,0.64897,0.71217,0.59103,0.70975,1.16575,1.2261,0.000413337,0.000413337,0.000413337
337,2440.81,0.52549,0.48638,1.0952,0.69519,0.67519,0.70101,0.58021,0.70823,1.17654,1.21784,0.00041084,0.00041084,0.00041084
338,2447.79,0.51894,0.47671,1.08898,0.74158,0.63869,0.71787,0.59645,0.72277,1.14935,1.2309,0.000408342,0.000408342,0.000408342
339,2455.73,0.52283,0.46926,1.09152,0.72063,0.65643,0.70657,0.58789,0.70817,1.1569,1.21689,0.000405845,0.000405845,0.000405845
340,2463.18,0.53296,0.47171,1.0931,0.74749,0.6669,0.71394,0.59025,0.71931,1.14799,1.23975,0.000403347,0.000403347,0.000403347
341,2470.28,0.53659,0.48426,1.10307,0.74381,0.67078,0.72872,0.60881,0.70272,1.10742,1.2121,0.00040085,0.00040085,0.00040085
342,2477.32,0.52334,0.46561,1.08014,0.78084,0.6374,0.71541,0.59982,0.71436,1.16981,1.20737,0.000398352,0.000398352,0.000398352
343,2484.53,0.51344,0.44746,1.07925,0.76812,0.64769,0.71965,0.60253,0.70341,1.10487,1.19764,0.000395855,0.000395855,0.000395855
344,2491.31,0.51165,0.45874,1.07753,0.71302,0.6935,0.71848,0.60015,0.70053,1.13081,1.20131,0.000393357,0.000393357,0.000393357
345,2498.17,0.52433,0.47943,1.08925,0.78099,0.64533,0.73903,0.61555,0.70474,1.05678,1.21164,0.00039086,0.00039086,0.00039086
346,2505.29,0.53481,0.49686,1.10342,0.67261,0.72792,0.71754,0.60146,0.70837,1.15177,1.21678,0.000388363,0.000388363,0.000388363
347,2512.33,0.51577,0.4762,1.09,0.77923,0.64963,0.74651,0.62619,0.70049,1.09983,1.21284,0.000385865,0.000385865,0.000385865
348,2519.36,0.52915,0.47151,1.08947,0.71165,0.66723,0.70836,0.59503,0.70846,1.08609,1.21724,0.000383368,0.000383368,0.000383368
349,2526.4,0.52786,0.48443,1.09919,0.71087,0.67346,0.72094,0.60774,0.688,1.04655,1.20485,0.00038087,0.00038087,0.00038087
350,2533.47,0.49841,0.46334,1.0749,0.7122,0.6941,0.73381,0.61561,0.69257,1.0691,1.21191,0.000378373,0.000378373,0.000378373
351,2540.33,0.51511,0.4583,1.08733,0.72953,0.67409,0.74052,0.62185,0.70142,1.07528,1.21805,0.000375875,0.000375875,0.000375875
352,2547.32,0.50717,0.46646,1.07702,0.79819,0.64472,0.74646,0.62852,0.7147,1.06342,1.21672,0.000373378,0.000373378,0.000373378
353,2554.66,0.51109,0.45764,1.07541,0.7458,0.63443,0.72575,0.60522,0.72427,1.0933,1.22156,0.00037088,0.00037088,0.00037088
354,2561.92,0.52123,0.47496,1.08819,0.79725,0.62283,0.7351,0.61398,0.71708,1.08391,1.22042,0.000368383,0.000368383,0.000368383
355,2569.05,0.51617,0.48247,1.08846,0.7875,0.60362,0.71345,0.59199,0.71023,1.0989,1.21117,0.000365885,0.000365885,0.000365885
356,2577.21,0.52621,0.49132,1.08763,0.72541,0.66748,0.73463,0.61449,0.69981,1.11024,1.20953,0.000363388,0.000363388,0.000363388
357,2584.37,0.50861,0.45991,1.07362,0.76884,0.67579,0.74109,0.61902,0.69354,1.07918,1.20861,0.00036089,0.00036089,0.00036089
358,2591.49,0.50617,0.45675,1.08724,0.71032,0.70817,0.74198,0.6206,0.68544,1.06739,1.19897,0.000358393,0.000358393,0.000358393
359,2598.53,0.51373,0.45569,1.08469,0.77156,0.64986,0.72761,0.61092,0.69413,1.14211,1.19405,0.000355895,0.000355895,0.000355895
360,2605.66,0.51085,0.4457,1.08065,0.72427,0.67669,0.70423,0.58844,0.70173,1.13265,1.1996,0.000353398,0.000353398,0.000353398
361,2612.68,0.49621,0.44266,1.06651,0.6801,0.71752,0.71644,0.603,0.6904,1.10489,1.19468,0.0003509,0.0003509,0.0003509
362,2619.74,0.49647,0.44678,1.06995,0.805,0.64093,0.74501,0.62766,0.6863,1.05975,1.19396,0.000348403,0.000348403,0.000348403
363,2626.79,0.50619,0.45537,1.0815,0.75385,0.68337,0.73511,0.61729,0.698,1.07785,1.20698,0.000345905,0.000345905,0.000345905
364,2633.84,0.49084,0.44781,1.07052,0.72309,0.69669,0.73547,0.61617,0.6919,1.06305,1.20343,0.000343408,0.000343408,0.000343408
365,2641.19,0.49771,0.45342,1.06572,0.71705,0.70437,0.72175,0.60251,0.68532,1.10207,1.1948,0.00034091,0.00034091,0.00034091
366,2648.25,0.50998,0.47538,1.08248,0.77239,0.66887,0.74259,0.62103,0.68677,1.08312,1.19438,0.000338413,0.000338413,0.000338413
367,2655.41,0.49169,0.45824,1.06643,0.75716,0.66935,0.72389,0.60945,0.68272,1.08788,1.19575,0.000335915,0.000335915,0.000335915
368,2662.37,0.48674,0.45788,1.0677,0.77716,0.66898,0.73298,0.6164,0.68992,1.06513,1.21022,0.000333418,0.000333418,0.000333418
369,2669.15,0.49053,0.45689,1.06269,0.74335,0.6633,0.72009,0.60983,0.68523,1.10332,1.21113,0.00033092,0.00033092,0.00033092
370,2676.07,0.48511,0.4306,1.06512,0.73873,0.68428,0.71612,0.60242,0.68801,1.1207,1.20059,0.000328423,0.000328423,0.000328423
371,2683.09,0.50713,0.45621,1.08717,0.69635,0.70425,0.72913,0.61579,0.68279,1.10908,1.19339,0.000325925,0.000325925,0.000325925
372,2689.96,0.49155,0.44242,1.07009,0.72763,0.65777,0.70949,0.59971,0.68636,1.12189,1.18532,0.000323428,0.000323428,0.000323428
373,2696.82,0.47473,0.4251,1.04952,0.74225,0.65892,0.70735,0.59696,0.68497,1.15068,1.19653,0.00032093,0.00032093,0.00032093
374,2703.65,0.47876,0.42834,1.05709,0.72695,0.66968,0.71296,0.60087,0.69049,1.1711,1.20322,0.000318433,0.000318433,0.000318433
375,2710.47,0.48168,0.41385,1.06254,0.73227,0.67826,0.71767,0.60376,0.6893,1.12998,1.19913,0.000315935,0.000315935,0.000315935
376,2717.35,0.48147,0.42589,1.0541,0.76268,0.67967,0.71409,0.60018,0.68849,1.14871,1.20199,0.000313437,0.000313437,0.000313437
377,2724.19,0.49764,0.45017,1.06642,0.79631,0.65691,0.73261,0.61146,0.69518,1.08854,1.20801,0.00031094,0.00031094,0.00031094
378,2731.12,0.48873,0.43762,1.06826,0.72405,0.69662,0.72189,0.60091,0.69182,1.0798,1.20421,0.000308443,0.000308443,0.000308443
379,2738.23,0.49284,0.45731,1.07014,0.77923,0.6334,0.73085,0.61577,0.68814,1.06555,1.20954,0.000305945,0.000305945,0.000305945
380,2745.24,0.47859,0.44049,1.05551,0.73806,0.6498,0.72675,0.6113,0.68302,1.06273,1.20427,0.000303447,0.000303447,0.000303447
381,2752.83,0.48219,0.45588,1.06332,0.7208,0.64435,0.70686,0.59471,0.67179,1.08564,1.19257,0.00030095,0.00030095,0.00030095
382,2759.89,0.48072,0.43244,1.06142,0.68992,0.69178,0.69842,0.58548,0.67172,1.08486,1.19119,0.000298453,0.000298453,0.000298453
383,2768.17,0.49253,0.43555,1.06899,0.69376,0.68409,0.70758,0.59699,0.67039,1.08897,1.19024,0.000295955,0.000295955,0.000295955
384,2775.45,0.49105,0.43533,1.06759,0.69676,0.6939,0.71982,0.60742,0.67879,1.11131,1.19424,0.000293457,0.000293457,0.000293457
385,2782.58,0.47727,0.43244,1.06278,0.7171,0.67065,0.72537,0.60867,0.67245,1.08531,1.1961,0.00029096,0.00029096,0.00029096
386,2789.59,0.48582,0.44936,1.06623,0.72,0.68266,0.72716,0.61142,0.67449,1.08981,1.20005,0.000288462,0.000288462,0.000288462
387,2796.57,0.47428,0.43321,1.05156,0.67593,0.68476,0.71715,0.6085,0.66893,1.11409,1.19469,0.000285965,0.000285965,0.000285965
388,2803.56,0.46348,0.42145,1.05171,0.69882,0.67977,0.74434,0.63085,0.68803,1.1123,1.20882,0.000283467,0.000283467,0.000283467
389,2810.8,0.46972,0.41852,1.04919,0.72559,0.65804,0.73079,0.62045,0.68009,1.10376,1.19751,0.00028097,0.00028097,0.00028097
390,2817.77,0.49353,0.44443,1.06469,0.70651,0.67867,0.72984,0.61604,0.68725,1.13335,1.19822,0.000278472,0.000278472,0.000278472
391,2825.61,0.46882,0.43207,1.05534,0.68821,0.72209,0.73105,0.61537,0.68712,1.10711,1.20268,0.000275975,0.000275975,0.000275975
392,2832.93,0.47673,0.41792,1.0501,0.73594,0.65648,0.71055,0.59761,0.68105,1.14924,1.20259,0.000273477,0.000273477,0.000273477
